lv.rural1,PV5,PV8,PV6
 0.16038 mw,0.3928,0.488717,0.1185
