lv.rural2 (0.1454),PV1,PV3,PV4,PV7
,0.0674,0.314994,0.265474,0.352132
