lv.rural3(0.19037),PV1,PV3,PV4,PV7
,0.213374,0.384934,0.205127,0.196565
